{"cameraMode":{"drawMode":0,"name":"Shaded","section":"Shading Mode"},"sceneLighting":true,"audioPlay":false,"sceneViewState":{"m_AlwaysRefresh":false,"showFog":true,"showSkybox":true,"showFlares":true,"showImageEffects":true,"showParticleSystems":true,"showVisualEffectGraphs":true,"m_FxEnabled":true},"in2DMode":false,"pivot":{"x":5.352551460266113,"y":-212.56263732910157,"z":-72.33380126953125},"rotation":{"x":-0.034214816987514499,"y":0.8073651790618897,"z":-0.5871909856796265,"w":-0.047038882970809939},"size":133.61398315429688,"orthographic":false}