{"cameraMode":{"drawMode":0,"name":"Shaded","section":"Shading Mode"},"sceneLighting":true,"audioPlay":false,"sceneViewState":{"m_AlwaysRefresh":false,"showFog":true,"showSkybox":true,"showFlares":true,"showImageEffects":true,"showParticleSystems":true,"showVisualEffectGraphs":true,"m_FxEnabled":true},"in2DMode":false,"pivot":{"x":1.4628021717071534,"y":-117.99939727783203,"z":-3.4048938751220705},"rotation":{"x":-0.003924459218978882,"y":0.7249002456665039,"z":-0.6888428330421448,"w":-0.004138842225074768},"size":97.36259460449219,"orthographic":false}