{"cameraMode":{"drawMode":0,"name":"Shaded","section":"Shading Mode"},"sceneLighting":false,"audioPlay":false,"sceneViewState":{"m_AlwaysRefresh":false,"showFog":true,"showSkybox":false,"showFlares":true,"showImageEffects":true,"showParticleSystems":true,"showVisualEffectGraphs":true,"m_FxEnabled":true},"in2DMode":false,"pivot":{"x":-9.991333961486817,"y":0.41126060485839846,"z":23.600330352783204},"rotation":{"x":-0.018665285781025888,"y":0.7221670746803284,"z":-0.6912108659744263,"w":-0.019505545496940614},"size":5.2603325843811039,"orthographic":true}