{"cameraMode":{"drawMode":0,"name":"Shaded","section":"Shading Mode"},"sceneLighting":false,"audioPlay":false,"sceneViewState":{"m_AlwaysRefresh":false,"showFog":true,"showSkybox":false,"showFlares":true,"showImageEffects":true,"showParticleSystems":true,"showVisualEffectGraphs":true,"m_FxEnabled":true},"in2DMode":false,"pivot":{"x":0.2694859206676483,"y":1.6174731254577637,"z":-29.96854019165039},"rotation":{"x":-0.014433817006647587,"y":-0.8861604928970337,"z":0.46235737204551699,"w":-0.027659593150019647},"size":2.5325233936309816,"orthographic":false}